﻿<?xml version="1.0" encoding="UTF-8"?>
<site generator-info-name="WebGrab+Plus/w MDB &amp; REX Postprocess -- version V2.0.6 -- Jan van Straaten" site="rsi.ch">
  <channels>
    <channel update="i" site="rsi.ch" site_id="la1" xmltv_id="la1">la1</channel>
    <channel update="i" site="rsi.ch" site_id="la2" xmltv_id="la2">la2</channel>
    <channel update="i" site="rsi.ch" site_id="rete-uno" xmltv_id="rete-uno">rete-uno</channel>
    <channel update="i" site="rsi.ch" site_id="rete-due" xmltv_id="rete-due">rete-due</channel>
    <channel update="i" site="rsi.ch" site_id="rete-tre" xmltv_id="rete-tre">rete-tre</channel>
  </channels>
</site>