﻿<?xml version="1.0" encoding="UTF-8"?>
<site generator-info-name="WebGrab+Plus/w MDB &amp; REX Postprocess -- version V2.0.6 -- Jan van Straaten" site="travelxp.tv">
  <channels>
    <channel update="i" site="srf.ch" site_id="srf-1" xmltv_id="SRF 1">SRF 1</channel>
    <channel update="i" site="srf.ch" site_id="srf-2" xmltv_id="SRF zwei">SRF zwei</channel>
    <channel update="i" site="srf.ch" site_id="srf-info" xmltv_id="SRF info">SRF info</channel>
    <channel update="i" site="srf.ch" site_id="ard" xmltv_id="ARD">ARD</channel>
    <channel update="i" site="srf.ch" site_id="zdf" xmltv_id="ZDF">ZDF</channel>
    <channel update="i" site="srf.ch" site_id="orf-1" xmltv_id="ORF 1">ORF 1</channel>
    <channel update="i" site="srf.ch" site_id="orf-2" xmltv_id="ORF 2">ORF 2</channel>
    <channel update="i" site="srf.ch" site_id="3sat" xmltv_id="3Sat">3Sat</channel>
    <channel update="i" site="srf.ch" site_id="arte" xmltv_id="Arte">Arte</channel>
    <channel update="i" site="srf.ch" site_id="kika" xmltv_id="KiKa">KiKa</channel>
    <channel update="i" site="srf.ch" site_id="rtl" xmltv_id="RTL">RTL</channel>
    <channel update="i" site="srf.ch" site_id="rtl-2" xmltv_id="RTL II">RTL II</channel>
    <channel update="i" site="srf.ch" site_id="sat1" xmltv_id="SAT 1">SAT 1</channel>
    <channel update="i" site="srf.ch" site_id="pro7" xmltv_id="ProSieben">ProSieben</channel>
    <channel update="i" site="srf.ch" site_id="vox" xmltv_id="VOX">VOX</channel>
    <channel update="i" site="srf.ch" site_id="kabel-1" xmltv_id="Kabel Eins">Kabel Eins</channel>
    <channel update="i" site="srf.ch" site_id="super-rtl" xmltv_id="Super RTL">Super RTL</channel>
    <channel update="i" site="srf.ch" site_id="3plus" xmltv_id="3+">3+</channel>
    <channel update="i" site="srf.ch" site_id="4plus" xmltv_id="4+">4+</channel>
    <channel update="i" site="srf.ch" site_id="5plus" xmltv_id="5+">5+</channel>
    <channel update="i" site="srf.ch" site_id="puls8" xmltv_id="Puls 8">Puls 8</channel>
    <channel update="i" site="srf.ch" site_id="tele-m1" xmltv_id="Tele M1">Tele M1</channel>
    <channel update="i" site="srf.ch" site_id="tele-bern" xmltv_id="Tele Bärn">Tele Bärn</channel>
    <channel update="i" site="srf.ch" site_id="tele-basel" xmltv_id="Tele Basel">Tele Basel</channel>
    <channel update="i" site="srf.ch" site_id="tele-zuri" xmltv_id="Tele Züri">Tele Züri</channel>
    <channel update="i" site="srf.ch" site_id="br" xmltv_id="BR">BR</channel>
    <channel update="i" site="srf.ch" site_id="swr" xmltv_id="SWR">SWR</channel>
    <channel update="i" site="srf.ch" site_id="ndr" xmltv_id="NDR">NDR</channel>
    <channel update="i" site="srf.ch" site_id="wdr" xmltv_id="WDR">WDR</channel>
    <channel update="i" site="srf.ch" site_id="dmax" xmltv_id="DMAX">DMAX</channel>
    <channel update="i" site="srf.ch" site_id="rtl-nitro" xmltv_id="RTL Nitro">RTL Nitro</channel>
    <channel update="i" site="srf.ch" site_id="nick" xmltv_id="Nickelodeon / CC">Nickelodeon / CC</channel>
    <channel update="i" site="srf.ch" site_id="eurosport" xmltv_id="Eurosport">Eurosport</channel>
    <channel update="i" site="srf.ch" site_id="zdf-neo" xmltv_id="ZDFneo">ZDFneo</channel>
    <channel update="i" site="srf.ch" site_id="rts-1" xmltv_id="RTS 1">RTS 1</channel>
    <channel update="i" site="srf.ch" site_id="rts-2" xmltv_id="RTS 2">RTS 2</channel>
    <channel update="i" site="srf.ch" site_id="rsi-1" xmltv_id="RSI 1">RSI 1</channel>
    <channel update="i" site="srf.ch" site_id="rsi-2" xmltv_id="RSI 2">RSI 2</channel>
  </channels>
</site>