﻿<?xml version="1.0" encoding="UTF-8"?>
<site generator-info-name="WebGrab+Plus/w MDB &amp; REX Postprocess -- version V1.56.23.1 -- Jan van Straaten" site="tele.ch">
  <channels>
    <channel update="i" site="tele.ch" site_id="auf_sender-STR-13th+Street" xmltv_id="13th Street">13th Street</channel>
    <channel update="i" site="tele.ch" site_id="auf_sender-3PLS-3%2B" xmltv_id="3+">3+</channel>
    <channel update="i" site="tele.ch" site_id="auf_sender-3SA-3sat" xmltv_id="3sat">3sat</channel>
    <channel update="i" site="tele.ch" site_id="auf_sender-4PLUS-4%2B" xmltv_id="4+">4+</channel>
    <channel update="i" site="tele.ch" site_id="auf_sender-5pl-5%2B" xmltv_id="5+">5+</channel>
    <channel update="i" site="tele.ch" site_id="auf_sender-R089-Animaux" xmltv_id="Animaux">Animaux</channel>
    <channel update="i" site="tele.ch" site_id="auf_sender-ANIX-Anixe+HD" xmltv_id="Anixe HD">Anixe HD</channel>
    <channel update="i" site="tele.ch" site_id="auf_sender-ARD-ARD" xmltv_id="ARD">ARD</channel>
    <channel update="i" site="tele.ch" site_id="auf_sender-ALP-ARD+alpha" xmltv_id="ARD alpha">ARD alpha</channel>
    <channel update="i" site="tele.ch" site_id="auf_sender-ART-Arte" xmltv_id="Arte">Arte</channel>
    <channel update="i" site="tele.ch" site_id="auf_sender-R014-Arte+France" xmltv_id="Arte France">Arte France</channel>
    <channel update="i" site="tele.ch" site_id="auf_sender-ATV-ATV" xmltv_id="ATV">ATV</channel>
    <channel update="i" site="tele.ch" site_id="auf_sender-AUE-A%26E" xmltv_id="A&amp;E">A&amp;E</channel>
    <channel update="i" site="tele.ch" site_id="auf_sender-AXN-AXN" xmltv_id="AXN">AXN</channel>
    <channel update="i" site="tele.ch" site_id="auf_sender-BA3-Bayern+3" xmltv_id="Bayern 3">Bayern 3</channel>
    <channel update="i" site="tele.ch" site_id="auf_sender-BBC-BBC+Entertainment" xmltv_id="BBC Entertainment">BBC Entertainment</channel>
    <channel update="i" site="tele.ch" site_id="auf_sender-BBW-BBC+World" xmltv_id="BBC World">BBC World</channel>
    <channel update="i" site="tele.ch" site_id="auf_sender-BB1-BBC+1" xmltv_id="BBC 1">BBC 1</channel>
    <channel update="i" site="tele.ch" site_id="auf_sender-BB2-BBC+2" xmltv_id="BBC 2">BBC 2</channel>
    <channel update="i" site="tele.ch" site_id="auf_sender-BUT-Beate+Uhse+TV" xmltv_id="Beate Uhse TV">Beate Uhse TV</channel>
    <channel update="i" site="tele.ch" site_id="auf_sender-TBC-Biography+Channel" xmltv_id="Biography Channel">Biography Channel</channel>
    <channel update="i" site="tele.ch" site_id="auf_sender-BOMD-Boomerang" xmltv_id="Boomerang">Boomerang</channel>
    <channel update="i" site="tele.ch" site_id="auf_sender-CALP-Canal+alpha" xmltv_id="Canal alpha">Canal alpha</channel>
    <channel update="i" site="tele.ch" site_id="auf_sender-R087-Canal+J" xmltv_id="Canal J">Canal J</channel>
    <channel update="i" site="tele.ch" site_id="auf_sender-R016-Canal%2B" xmltv_id="Canal+">Canal+</channel>
    <channel update="i" site="tele.ch" site_id="auf_sender-R314-Canal%2B+D%C3%A9cal%C3%A9" xmltv_id="Canal+ Décalé">Canal+ Décalé</channel>
    <channel update="i" site="tele.ch" site_id="auf_sender-R127-Chasse+Peche" xmltv_id="Chasse Peche">Chasse Peche</channel>
    <channel update="i" site="tele.ch" site_id="auf_sender-CH-CHTV" xmltv_id="CHTV">CHTV</channel>
    <channel update="i" site="tele.ch" site_id="auf_sender-R291-Cine+Cinema+Famiz" xmltv_id="Cine Cinema Famiz">Cine Cinema Famiz</channel>
    <channel update="i" site="tele.ch" site_id="auf_sender-R282-CinemaCanal%2B" xmltv_id="CinemaCanal+">CinemaCanal+</channel>
    <channel update="i" site="tele.ch" site_id="auf_sender-Class-Classica" xmltv_id="Classica">Classica</channel>
    <channel update="i" site="tele.ch" site_id="auf_sender-CNN-CNN" xmltv_id="CNN">CNN</channel>
    <channel update="i" site="tele.ch" site_id="auf_sender-DIS-Discovery+Channel" xmltv_id="Discovery Channel">Discovery Channel</channel>
    <channel update="i" site="tele.ch" site_id="auf_sender-DIC-Disney+Channel" xmltv_id="Disney Channel">Disney Channel</channel>
    <channel update="i" site="tele.ch" site_id="auf_sender-DIXD-Disney+XD" xmltv_id="Disney XD">Disney XD</channel>
    <channel update="i" site="tele.ch" site_id="auf_sender-XXP-DMAX" xmltv_id="DMAX">DMAX</channel>
    <channel update="i" site="tele.ch" site_id="auf_sender-FES-Einsfestival" xmltv_id="Einsfestival">Einsfestival</channel>
    <channel update="i" site="tele.ch" site_id="auf_sender-EPLS-Einsplus" xmltv_id="Einsplus">Einsplus</channel>
    <channel update="i" site="tele.ch" site_id="auf_sender-R124-Escales" xmltv_id="Escales">Escales</channel>
    <channel update="i" site="tele.ch" site_id="auf_sender-ENWE-Euronews" xmltv_id="Euronews">Euronews</channel>
    <channel update="i" site="tele.ch" site_id="auf_sender-EUR-Eurosport" xmltv_id="Eurosport">Eurosport</channel>
    <channel update="i" site="tele.ch" site_id="auf_sender-EUR2-Eurosport+2" xmltv_id="Eurosport 2">Eurosport 2</channel>
    <channel update="i" site="tele.ch" site_id="auf_sender-EUI-Eurosport+Italia" xmltv_id="Eurosport Italia">Eurosport Italia</channel>
    <channel update="i" site="tele.ch" site_id="auf_sender-EUI2-Eurosport+2+Italia" xmltv_id="Eurosport 2 Italia">Eurosport 2 Italia</channel>
    <channel update="i" site="tele.ch" site_id="auf_sender-EXSP-Extreme+Sports" xmltv_id="Extreme Sports">Extreme Sports</channel>
    <channel update="i" site="tele.ch" site_id="auf_sender-FOXD-Fox" xmltv_id="Fox">Fox</channel>
    <channel update="i" site="tele.ch" site_id="auf_sender-AN2-France+2" xmltv_id="France 2">France 2</channel>
    <channel update="i" site="tele.ch" site_id="auf_sender-FR3-France+3" xmltv_id="France 3">France 3</channel>
    <channel update="i" site="tele.ch" site_id="auf_sender-R357-France+5" xmltv_id="France 5">France 5</channel>
    <channel update="i" site="tele.ch" site_id="auf_sender-GULA-Gute+Laune" xmltv_id="Gute Laune">Gute Laune</channel>
    <channel update="i" site="tele.ch" site_id="auf_sender-HR3-Hessen+3" xmltv_id="Hessen 3">Hessen 3</channel>
    <channel update="i" site="tele.ch" site_id="auf_sender-THC-History" xmltv_id="History">History</channel>
    <channel update="i" site="tele.ch" site_id="auf_sender-HOT-HSE+24" xmltv_id="HSE 24">HSE 24</channel>
    <channel update="i" site="tele.ch" site_id="auf_sender-ITV1-ITV" xmltv_id="ITV">ITV</channel>
    <channel update="i" site="tele.ch" site_id="auf_sender-JOIZ-Joiz" xmltv_id="Joiz">Joiz</channel>
    <channel update="i" site="tele.ch" site_id="auf_sender-JUN-Junior" xmltv_id="Junior">Junior</channel>
    <channel update="i" site="tele.ch" site_id="auf_sender-KAB_CH-Kabel+1" xmltv_id="Kabel 1">Kabel 1</channel>
    <channel update="i" site="tele.ch" site_id="auf_sender-KAB_D-Kabel1+%28D%29" xmltv_id="Kabel1 (D)">Kabel1 (D)</channel>
    <channel update="i" site="tele.ch" site_id="auf_sender-KKA-KiKa" xmltv_id="KiKa">KiKa</channel>
    <channel update="i" site="tele.ch" site_id="auf_sender-KINW-Kinowelt+TV" xmltv_id="Kinowelt TV">Kinowelt TV</channel>
    <channel update="i" site="tele.ch" site_id="auf_sender-LMBL-Leman+Bleu" xmltv_id="Leman Bleu">Leman Bleu</channel>
    <channel update="i" site="tele.ch" site_id="auf_sender-M_6-M+6" xmltv_id="M 6">M 6</channel>
    <channel update="i" site="tele.ch" site_id="auf_sender-R088-Mangas" xmltv_id="Mangas">Mangas</channel>
    <channel update="i" site="tele.ch" site_id="auf_sender-MDR-MDR" xmltv_id="MDR">MDR</channel>
    <channel update="i" site="tele.ch" site_id="auf_sender-R086-Mezzo" xmltv_id="Mezzo">Mezzo</channel>
    <channel update="i" site="tele.ch" site_id="auf_sender-MGM-MGM" xmltv_id="MGM">MGM</channel>
    <channel update="i" site="tele.ch" site_id="auf_sender-MOTO-Motors+TV" xmltv_id="Motors TV">Motors TV</channel>
    <channel update="i" site="tele.ch" site_id="auf_sender-MOVI-Motorvision+TV" xmltv_id="Motorvision TV">Motorvision TV</channel>
    <channel update="i" site="tele.ch" site_id="auf_sender-MTV-MTV%28CH%29" xmltv_id="MTV(CH)">MTV(CH)</channel>
    <channel update="i" site="tele.ch" site_id="auf_sender-R096-MTV+France" xmltv_id="MTV France">MTV France</channel>
    <channel update="i" site="tele.ch" site_id="auf_sender-MTI-MTV+Italia" xmltv_id="MTV Italia">MTV Italia</channel>
    <channel update="i" site="tele.ch" site_id="auf_sender-NGD-National+Geographic" xmltv_id="National Geographic">National Geographic</channel>
    <channel update="i" site="tele.ch" site_id="auf_sender-NWIL-National+Geographic+Wild" xmltv_id="National Geographic Wild">National Geographic Wild</channel>
    <channel update="i" site="tele.ch" site_id="auf_sender-NO3_D-NDR" xmltv_id="NDR">NDR</channel>
    <channel update="i" site="tele.ch" site_id="auf_sender-NTV-NTV" xmltv_id="NTV">NTV</channel>
    <channel update="i" site="tele.ch" site_id="auf_sender-N24-N24" xmltv_id="N24">N24</channel>
    <channel update="i" site="tele.ch" site_id="auf_sender-NICKELCH-Nickelodeon" xmltv_id="Nickelodeon">Nickelodeon</channel>
    <channel update="i" site="tele.ch" site_id="auf_sender-FS1-ORF+1" xmltv_id="ORF 1">ORF 1</channel>
    <channel update="i" site="tele.ch" site_id="auf_sender-FS2-ORF+2" xmltv_id="ORF 2">ORF 2</channel>
    <channel update="i" site="tele.ch" site_id="auf_sender-ORF3-ORF+3" xmltv_id="ORF 3">ORF 3</channel>
    <channel update="i" site="tele.ch" site_id="auf_sender-RTLP-Passion" xmltv_id="Passion">Passion</channel>
    <channel update="i" site="tele.ch" site_id="auf_sender-PHX-Phoenix" xmltv_id="Phoenix">Phoenix</channel>
    <channel update="i" site="tele.ch" site_id="auf_sender-R297-Pink+TV" xmltv_id="Pink TV">Pink TV</channel>
    <channel update="i" site="tele.ch" site_id="auf_sender-PLAN-Planet+TV" xmltv_id="Planet TV">Planet TV</channel>
    <channel update="i" site="tele.ch" site_id="auf_sender-PRSP-Private+Spice" xmltv_id="Private Spice">Private Spice</channel>
    <channel update="i" site="tele.ch" site_id="auf_sender-PR7_CH-Pro+7" xmltv_id="Pro 7">Pro 7</channel>
    <channel update="i" site="tele.ch" site_id="auf_sender-PR7_D-ProSieben+D" xmltv_id="ProSieben D">ProSieben D</channel>
    <channel update="i" site="tele.ch" site_id="auf_sender-PR7MX-Pro7+Maxx" xmltv_id="Pro7 Maxx">Pro7 Maxx</channel>
    <channel update="i" site="tele.ch" site_id="auf_sender-PS8-Puls+8" xmltv_id="Puls 8">Puls 8</channel>
    <channel update="i" site="tele.ch" site_id="auf_sender-RAI-RAI+1" xmltv_id="RAI 1">RAI 1</channel>
    <channel update="i" site="tele.ch" site_id="auf_sender-RA3-RAI+2" xmltv_id="RAI 2">RAI 2</channel>
    <channel update="i" site="tele.ch" site_id="auf_sender-RA2-RAI+3" xmltv_id="RAI 3">RAI 3</channel>
    <channel update="i" site="tele.ch" site_id="auf_sender-BE1-RBB" xmltv_id="RBB">RBB</channel>
    <channel update="i" site="tele.ch" site_id="auf_sender-ROMA-Romance" xmltv_id="Romance">Romance</channel>
    <channel update="i" site="tele.ch" site_id="auf_sender-ROTV-Rouge+TV" xmltv_id="Rouge TV">Rouge TV</channel>
    <channel update="i" site="tele.ch" site_id="auf_sender-TSI-RSI+LA1" xmltv_id="RSI LA1">RSI LA1</channel>
    <channel update="i" site="tele.ch" site_id="auf_sender-TI2-RSI+LA2" xmltv_id="RSI LA2">RSI LA2</channel>
    <channel update="i" site="tele.ch" site_id="auf_sender-RTL_CH-RTL" xmltv_id="RTL">RTL</channel>
    <channel update="i" site="tele.ch" site_id="auf_sender-RT2_CH-RTL+2" xmltv_id="RTL 2">RTL 2</channel>
    <channel update="i" site="tele.ch" site_id="auf_sender-LOR-RTL9" xmltv_id="RTL9">RTL9</channel>
    <channel update="i" site="tele.ch" site_id="auf_sender-RTLC-RTL+Crime" xmltv_id="RTL Crime">RTL Crime</channel>
    <channel update="i" site="tele.ch" site_id="auf_sender-RTLL-RTL+Living" xmltv_id="RTL Living">RTL Living</channel>
    <channel update="i" site="tele.ch" site_id="auf_sender-NITRO-RTL+Nitro" xmltv_id="RTL Nitro">RTL Nitro</channel>
    <channel update="i" site="tele.ch" site_id="auf_sender-R019-RTL+TVI+%28R%29" xmltv_id="RTL TVI (R)">RTL TVI (R)</channel>
    <channel update="i" site="tele.ch" site_id="auf_sender-R122-RTPI+%28R%29" xmltv_id="RTPI (R)">RTPI (R)</channel>
    <channel update="i" site="tele.ch" site_id="auf_sender-TSR-RTS+1" xmltv_id="RTS 1">RTS 1</channel>
    <channel update="i" site="tele.ch" site_id="auf_sender-TR2-RTS+2" xmltv_id="RTS 2">RTS 2</channel>
    <channel update="i" site="tele.ch" site_id="auf_sender-SA1_CH-Sat+1" xmltv_id="Sat 1">Sat 1</channel>
    <channel update="i" site="tele.ch" site_id="auf_sender-SA1_D-Sat1+%28D%29" xmltv_id="Sat1 (D)">Sat1 (D)</channel>
    <channel update="i" site="tele.ch" site_id="auf_sender-SAT1GOLD-Sat1Gold+%28D%29" xmltv_id="Sat1Gold (D)">Sat1Gold (D)</channel>
    <channel update="i" site="tele.ch" site_id="auf_sender-SEINS-S1" xmltv_id="S1">S1</channel>
    <channel update="i" site="tele.ch" site_id="auf_sender-R082-Seasons" xmltv_id="Seasons">Seasons</channel>
    <channel update="i" site="tele.ch" site_id="auf_sender-SERT-Servus+TV" xmltv_id="Servus TV">Servus TV</channel>
    <channel update="i" site="tele.ch" site_id="auf_sender-DRS-SF+1" xmltv_id="SF 1">SF 1</channel>
    <channel update="i" site="tele.ch" site_id="auf_sender-CH4-SF+zwei" xmltv_id="SF zwei">SF zwei</channel>
    <channel update="i" site="tele.ch" site_id="auf_sender-SFI-SF+Info" xmltv_id="SF Info">SF Info</channel>
    <channel update="i" site="tele.ch" site_id="auf_sender-SILV-Silverline" xmltv_id="Silverline">Silverline</channel>
    <channel update="i" site="tele.ch" site_id="auf_sender-SIXX-Sixx" xmltv_id="Sixx">Sixx</channel>
    <channel update="i" site="tele.ch" site_id="auf_sender-P11-Sky+Cinema" xmltv_id="Sky Cinema">Sky Cinema</channel>
    <channel update="i" site="tele.ch" site_id="auf_sender-PM2-Sky+Cinema+%2B1" xmltv_id="Sky Cinema +1">Sky Cinema +1</channel>
    <channel update="i" site="tele.ch" site_id="auf_sender-PM3-Sky+Cinema+%2B24" xmltv_id="Sky Cinema +24">Sky Cinema +24</channel>
    <channel update="i" site="tele.ch" site_id="auf_sender-PM4-Sky+Cinema+Hits" xmltv_id="Sky Cinema Hits">Sky Cinema Hits</channel>
    <channel update="i" site="tele.ch" site_id="auf_sender-COM-Sky+Comedy" xmltv_id="Sky Comedy">Sky Comedy</channel>
    <channel update="i" site="tele.ch" site_id="auf_sender-SKEM-Sky+Emotion" xmltv_id="Sky Emotion">Sky Emotion</channel>
    <channel update="i" site="tele.ch" site_id="auf_sender-PNO-Sky+Nostalgie" xmltv_id="Sky Nostalgie">Sky Nostalgie</channel>
    <channel update="i" site="tele.ch" site_id="auf_sender-KRC-Sky+Krimi" xmltv_id="Sky Krimi">Sky Krimi</channel>
    <channel update="i" site="tele.ch" site_id="auf_sender-DIR-Sky+Select" xmltv_id="Sky Select">Sky Select</channel>
    <channel update="i" site="tele.ch" site_id="auf_sender-SPHD-Sky+Sport+HD" xmltv_id="Sky Sport HD">Sky Sport HD</channel>
    <channel update="i" site="tele.ch" site_id="auf_sender-SKS1-Sky+Sport+1" xmltv_id="Sky Sport 1">Sky Sport 1</channel>
    <channel update="i" site="tele.ch" site_id="auf_sender-SKS2-Sky+Sport+2" xmltv_id="Sky Sport 2">Sky Sport 2</channel>
    <channel update="i" site="tele.ch" site_id="auf_sender-DSF_D-Sport1" xmltv_id="Sport1">Sport1</channel>
    <channel update="i" site="tele.ch" site_id="auf_sender-R285-SportTrace+TV" xmltv_id="SportTrace TV">SportTrace TV</channel>
    <channel update="i" site="tele.ch" site_id="auf_sender-SP1HD-Sport1+plus+HD" xmltv_id="Sport1 plus HD">Sport1 plus HD</channel>
    <channel update="i" site="tele.ch" site_id="auf_sender-SP1US-Sport1+US" xmltv_id="Sport1 US">Sport1 US</channel>
    <channel update="i" site="tele.ch" site_id="auf_sender-SP1USHD-Sport1+US+HD" xmltv_id="Sport1 US HD">Sport1 US HD</channel>
    <channel update="i" site="tele.ch" site_id="auf_sender-SSSF-SSF" xmltv_id="SSF">SSF</channel>
    <channel update="i" site="tele.ch" site_id="auf_sender-STV-Star+TV" xmltv_id="Star TV">Star TV</channel>
    <channel update="i" site="tele.ch" site_id="auf_sender-SRT_CH-Super+RTL" xmltv_id="Super RTL">Super RTL</channel>
    <channel update="i" site="tele.ch" site_id="auf_sender-SRT_D-SuperRTL+%28D%29" xmltv_id="SuperRTL (D)">SuperRTL (D)</channel>
    <channel update="i" site="tele.ch" site_id="auf_sender-SFA-Syfy" xmltv_id="Syfy">Syfy</channel>
    <channel update="i" site="tele.ch" site_id="auf_sender-SWR-SWR" xmltv_id="SWR">SWR</channel>
    <channel update="i" site="tele.ch" site_id="auf_sender-AEXT-Tagesschau+24" xmltv_id="Tagesschau 24">Tagesschau 24</channel>
    <channel update="i" site="tele.ch" site_id="auf_sender-TCCI-TC+Cinema" xmltv_id="TC Cinema">TC Cinema</channel>
    <channel update="i" site="tele.ch" site_id="auf_sender-TSP1-TC+Sport+1" xmltv_id="TC Sport 1">TC Sport 1</channel>
    <channel update="i" site="tele.ch" site_id="auf_sender-TSP2-TC+Sport+2" xmltv_id="TC Sport 2">TC Sport 2</channel>
    <channel update="i" site="tele.ch" site_id="auf_sender-TSP3-TC+Sport+3" xmltv_id="TC Sport 3">TC Sport 3</channel>
    <channel update="i" site="tele.ch" site_id="auf_sender-TCST-TC+Star" xmltv_id="TC Star">TC Star</channel>
    <channel update="i" site="tele.ch" site_id="auf_sender-TET-Tele1" xmltv_id="Tele1">Tele1</channel>
    <channel update="i" site="tele.ch" site_id="auf_sender-TL5-Tele+5" xmltv_id="Tele 5">Tele 5</channel>
    <channel update="i" site="tele.ch" site_id="auf_sender-TEB-Tele+Baern" xmltv_id="Tele Baern">Tele Baern</channel>
    <channel update="i" site="tele.ch" site_id="auf_sender-TBA-Tele+Basel" xmltv_id="Tele Basel">Tele Basel</channel>
    <channel update="i" site="tele.ch" site_id="auf_sender-TM1-Tele+M1" xmltv_id="Tele M1">Tele M1</channel>
    <channel update="i" site="tele.ch" site_id="auf_sender-TSS-Tele+Suedostschweiz" xmltv_id="Tele Suedostschweiz">Tele Suedostschweiz</channel>
    <channel update="i" site="tele.ch" site_id="auf_sender-TTO-Tele+Top" xmltv_id="Tele Top">Tele Top</channel>
    <channel update="i" site="tele.ch" site_id="auf_sender-R090-Teletoon" xmltv_id="Teletoon">Teletoon</channel>
    <channel update="i" site="tele.ch" site_id="auf_sender-T24-Tele+Zueri" xmltv_id="Tele Zueri">Tele Zueri</channel>
    <channel update="i" site="tele.ch" site_id="auf_sender-TF1-TF+1" xmltv_id="TF 1">TF 1</channel>
    <channel update="i" site="tele.ch" site_id="auf_sender-R213-TF+6" xmltv_id="TF 6">TF 6</channel>
    <channel update="i" site="tele.ch" site_id="auf_sender-TCM-TNT+Film" xmltv_id="TNT Film">TNT Film</channel>
    <channel update="i" site="tele.ch" site_id="auf_sender-TNTG-TNT+Glitz" xmltv_id="TNT Glitz">TNT Glitz</channel>
    <channel update="i" site="tele.ch" site_id="auf_sender-PTNS-TNT+Serie" xmltv_id="TNT Serie">TNT Serie</channel>
    <channel update="i" site="tele.ch" site_id="auf_sender-R255-Toute+L%27Histoire" xmltv_id="Toute L'Histoire">Toute L'Histoire</channel>
    <channel update="i" site="tele.ch" site_id="auf_sender-TV24-TV24" xmltv_id="TV24">TV24</channel>
    <channel update="i" site="tele.ch" site_id="auf_sender-T5N-TV5+Monde" xmltv_id="TV5 Monde">TV5 Monde</channel>
    <channel update="i" site="tele.ch" site_id="auf_sender-TVE-TVE" xmltv_id="TVE">TVE</channel>
    <channel update="i" site="tele.ch" site_id="auf_sender-TVM3-TVM+3" xmltv_id="TVM 3">TVM 3</channel>
    <channel update="i" site="tele.ch" site_id="auf_sender-TOS-TV+Ostschweiz" xmltv_id="TV Ostschweiz">TV Ostschweiz</channel>
    <channel update="i" site="tele.ch" site_id="auf_sender-VOI-Video+Italia" xmltv_id="Video Italia">Video Italia</channel>
    <channel update="i" site="tele.ch" site_id="auf_sender-DVIE-Das+Vierte" xmltv_id="Das Vierte">Das Vierte</channel>
    <channel update="i" site="tele.ch" site_id="auf_sender-VIV-Viva+%28D%29" xmltv_id="Viva (D)">Viva (D)</channel>
    <channel update="i" site="tele.ch" site_id="auf_sender-VIVCOM-Viva+-+Comedy+Central" xmltv_id="Viva - Comedy Central">Viva - Comedy Central</channel>
    <channel update="i" site="tele.ch" site_id="auf_sender-VOX-VOX" xmltv_id="VOX">VOX</channel>
    <channel update="i" site="tele.ch" site_id="auf_sender-WE3-WDR" xmltv_id="WDR">WDR</channel>
    <channel update="i" site="tele.ch" site_id="auf_sender-ZDF-ZDF" xmltv_id="ZDF">ZDF</channel>
    <channel update="i" site="tele.ch" site_id="auf_sender-ZIN-ZDF+info" xmltv_id="ZDF info">ZDF info</channel>
    <channel update="i" site="tele.ch" site_id="auf_sender-ZTK-ZDFkultur" xmltv_id="ZDFkultur">ZDFkultur</channel>
    <channel update="i" site="tele.ch" site_id="auf_sender-ZDO-ZDFneo" xmltv_id="ZDFneo">ZDFneo</channel>
    <channel update="i" site="tele.ch" site_id="auf_sender-EPLS-Eins+Plus" xmltv_id="Eins Plus">Eins Plus</channel>
    <channel update="i" site="tele.ch" site_id="auf_sender-FES-Eins+Festival" xmltv_id="Eins Festival">Eins Festival</channel>
    <channel update="i" site="tele.ch" site_id="auf_sender-ALP-BR+alpha" xmltv_id="BR alpha">BR alpha</channel>
    <channel update="i" site="tele.ch" site_id="auf_sender-NTV-n-tv" xmltv_id="n-tv">n-tv</channel>
    <channel update="i" site="tele.ch" site_id="auf_sender-TOS-TVO" xmltv_id="TVO">TVO</channel>
    <channel update="i" site="tele.ch" site_id="auf_sender-SRT_D-SuperRTL" xmltv_id="SuperRTL">SuperRTL</channel>
    <channel update="i" site="tele.ch" site_id="auf_sender-R252-Sport%2B" xmltv_id="Sport+">Sport+</channel>
    <channel update="i" site="tele.ch" site_id="http://www.axelspringer.ch/&quot; id=&quot;axelspringer_logo" xmltv_id="">
    </channel>
    <channel update="i" site="tele.ch" site_id="/impressum" xmltv_id="">
    </channel>
  </channels>
</site>