<?xml version="1.0" encoding="UTF-8"?>
<site generator-info-name="WebGrab+Plus/w MDB &amp; REX Postprocess -- version  V1.57 -- Jan van Straaten" site="telecom.ch">
  <channels>
    <channel update="i" site="teleclub.ch" site_id="1" xmltv_id="Teleclub Cinema">Teleclub Cinema</channel>
    <channel update="i" site="teleclub.ch" site_id="78" xmltv_id="Teleclub Cinema HD">Teleclub Cinema HD</channel>
    <channel update="i" site="teleclub.ch" site_id="2" xmltv_id="Teleclub Star">Teleclub Star</channel>
    <channel update="i" site="teleclub.ch" site_id="79" xmltv_id="Teleclub Star HD">Teleclub Star HD</channel>
    <channel update="i" site="teleclub.ch" site_id="144" xmltv_id="Teleclub Prime">Teleclub Prime</channel>
    <channel update="i" site="teleclub.ch" site_id="145" xmltv_id="Teleclub Prime HD">Teleclub Prime HD</channel>
    <channel update="i" site="teleclub.ch" site_id="18" xmltv_id="Teleclub Sport 1">Teleclub Sport 1</channel>
    <channel update="i" site="teleclub.ch" site_id="45" xmltv_id="Teleclub Sport 1 HD">Teleclub Sport 1 HD</channel>
    <channel update="i" site="teleclub.ch" site_id="19" xmltv_id="Teleclub Sport 2 / Sky Sport 2">Teleclub Sport 2 / Sky Sport 2</channel>
    <channel update="i" site="teleclub.ch" site_id="46" xmltv_id="Teleclub Sport 2 HD / Sky Sport 2 HD">Teleclub Sport 2 HD / Sky Sport 2 HD</channel>
    <channel update="i" site="teleclub.ch" site_id="20" xmltv_id="Sky Sport 1">Sky Sport 1</channel>
    <channel update="i" site="teleclub.ch" site_id="47" xmltv_id="Sky Sport 1 HD">Sky Sport 1 HD</channel>
    <channel update="i" site="teleclub.ch" site_id="161" xmltv_id="Sky Sport Bundesliga 1">Sky Sport Bundesliga 1</channel>
    <channel update="i" site="teleclub.ch" site_id="162" xmltv_id="Sky Sport Bundesliga 1 HD">Sky Sport Bundesliga 1 HD</channel>
    <channel update="i" site="teleclub.ch" site_id="181" xmltv_id="SFR Sport 1: Der Sender der Premier League">SFR Sport 1: Der Sender der Premier League</channel>
    <channel update="i" site="teleclub.ch" site_id="182" xmltv_id="SFR Sport 1 HD: Der Sender der Premier League">SFR Sport 1 HD: Der Sender der Premier League</channel>
    <channel update="i" site="teleclub.ch" site_id="12" xmltv_id="Sky 1">Sky 1</channel>
    <channel update="i" site="teleclub.ch" site_id="146" xmltv_id="Sky 1 HD">Sky 1 HD</channel>
    <channel update="i" site="teleclub.ch" site_id="102" xmltv_id="Sky Atlantic HD">Sky Atlantic HD</channel>
    <channel update="i" site="teleclub.ch" site_id="163" xmltv_id="Sky Atlantic +1 HD">Sky Atlantic +1 HD</channel>
    <channel update="i" site="teleclub.ch" site_id="15" xmltv_id="FOX">FOX</channel>
    <channel update="i" site="teleclub.ch" site_id="98" xmltv_id="FOX HD">FOX HD</channel>
    <channel update="i" site="teleclub.ch" site_id="13" xmltv_id="13th Street">13th Street</channel>
    <channel update="i" site="teleclub.ch" site_id="99" xmltv_id="13th Street HD">13th Street HD</channel>
    <channel update="i" site="teleclub.ch" site_id="14" xmltv_id="Syfy">Syfy</channel>
    <channel update="i" site="teleclub.ch" site_id="100" xmltv_id="Syfy HD">Syfy HD</channel>
    <channel update="i" site="teleclub.ch" site_id="92" xmltv_id="TNT Film">TNT Film</channel>
    <channel update="i" site="teleclub.ch" site_id="93" xmltv_id="TNT Film HD">TNT Film HD</channel>
    <channel update="i" site="teleclub.ch" site_id="94" xmltv_id="TNT Serie">TNT Serie</channel>
    <channel update="i" site="teleclub.ch" site_id="95" xmltv_id="TNT Serie HD">TNT Serie HD</channel>
    <channel update="i" site="teleclub.ch" site_id="96" xmltv_id="TNT Comedy">TNT Comedy</channel>
    <channel update="i" site="teleclub.ch" site_id="97" xmltv_id="TNT Comedy HD">TNT Comedy HD</channel>
    <channel update="i" site="teleclub.ch" site_id="16" xmltv_id="Sky Krimi">Sky Krimi</channel>
    <channel update="i" site="teleclub.ch" site_id="137" xmltv_id="RTL Crime">RTL Crime</channel>
    <channel update="i" site="teleclub.ch" site_id="138" xmltv_id="RTL Crime HD">RTL Crime HD</channel>
    <channel update="i" site="teleclub.ch" site_id="139" xmltv_id="RTL Passion">RTL Passion</channel>
    <channel update="i" site="teleclub.ch" site_id="140" xmltv_id="RTL Passion HD">RTL Passion HD</channel>
    <channel update="i" site="teleclub.ch" site_id="17" xmltv_id="Sony Channel">Sony Channel</channel>
    <channel update="i" site="teleclub.ch" site_id="143" xmltv_id="Sony Channel HD">Sony Channel HD</channel>
    <channel update="i" site="teleclub.ch" site_id="101" xmltv_id="AXN HD">AXN HD</channel>
    <channel update="i" site="teleclub.ch" site_id="7" xmltv_id="Universal Channel">Universal Channel</channel>
    <channel update="i" site="teleclub.ch" site_id="4" xmltv_id="Discovery Channel">Discovery Channel</channel>
    <channel update="i" site="teleclub.ch" site_id="106" xmltv_id="Discovery Channel HD">Discovery Channel HD</channel>
    <channel update="i" site="teleclub.ch" site_id="83" xmltv_id="National Geographic">National Geographic</channel>
    <channel update="i" site="teleclub.ch" site_id="84" xmltv_id="National Geographic HD">National Geographic HD</channel>
    <channel update="i" site="teleclub.ch" site_id="85" xmltv_id="Nat Geo Wild">Nat Geo Wild</channel>
    <channel update="i" site="teleclub.ch" site_id="86" xmltv_id="Nat Geo Wild HD">Nat Geo Wild HD</channel>
    <channel update="i" site="teleclub.ch" site_id="5" xmltv_id="Animal Planet">Animal Planet</channel>
    <channel update="i" site="teleclub.ch" site_id="147" xmltv_id="Animal Planet HD">Animal Planet HD</channel>
    <channel update="i" site="teleclub.ch" site_id="89" xmltv_id="SPIEGEL TV Wissen HD">SPIEGEL TV Wissen HD</channel>
    <channel update="i" site="teleclub.ch" site_id="6" xmltv_id="Spiegel Geschichte">Spiegel Geschichte</channel>
    <channel update="i" site="teleclub.ch" site_id="90" xmltv_id="History HD">History HD</channel>
    <channel update="i" site="teleclub.ch" site_id="10" xmltv_id="Disney Cinemagic">Disney Cinemagic</channel>
    <channel update="i" site="teleclub.ch" site_id="91" xmltv_id="Disney Cinemagic HD">Disney Cinemagic HD</channel>
    <channel update="i" site="teleclub.ch" site_id="9" xmltv_id="Disney XD">Disney XD</channel>
    <channel update="i" site="teleclub.ch" site_id="149" xmltv_id="Disney XD HD">Disney XD HD</channel>
    <channel update="i" site="teleclub.ch" site_id="11" xmltv_id="Disney Junior">Disney Junior</channel>
    <channel update="i" site="teleclub.ch" site_id="150" xmltv_id="Disney Junior HD">Disney Junior HD</channel>
    <channel update="i" site="teleclub.ch" site_id="81" xmltv_id="Junior">Junior</channel>
    <channel update="i" site="teleclub.ch" site_id="87" xmltv_id="Cartoon Network">Cartoon Network</channel>
    <channel update="i" site="teleclub.ch" site_id="88" xmltv_id="Cartoon Network HD">Cartoon Network HD</channel>
    <channel update="i" site="teleclub.ch" site_id="82" xmltv_id="Boomerang">Boomerang</channel>
    <channel update="i" site="teleclub.ch" site_id="148" xmltv_id="Boomerang HD">Boomerang HD</channel>
    <channel update="i" site="teleclub.ch" site_id="8" xmltv_id="Romance TV">Romance TV</channel>
    <channel update="i" site="teleclub.ch" site_id="166" xmltv_id="Romance TV HD">Romance TV HD</channel>
    <channel update="i" site="teleclub.ch" site_id="167" xmltv_id="Heimatkanal">Heimatkanal</channel>
    <channel update="i" site="teleclub.ch" site_id="141" xmltv_id="RTL Living">RTL Living</channel>
    <channel update="i" site="teleclub.ch" site_id="142" xmltv_id="RTL Living HD">RTL Living HD</channel>
    <channel update="i" site="teleclub.ch" site_id="21" xmltv_id="Teleclub Sport Live 1–30">Teleclub Sport Live 1–30</channel>
    <channel update="i" site="teleclub.ch" site_id="44" xmltv_id="Teleclub Sport Live 1–30 HD">Teleclub Sport Live 1–30 HD</channel>
    <channel update="i" site="teleclub.ch" site_id="179" xmltv_id="Teleclub Sport Live 1 UHD">Teleclub Sport Live 1 UHD</channel>
  </channels>
</site>
