<?xml version="1.0" encoding="UTF-8"?>
<site generator-info-name="WebGrab+Plus/w MDB &amp; REX Postprocess -- version  V2.0 -- Jan van Straaten" site="teleboy.ch">
  <channels>
    <channel update="i" site="teleboy.ch" site_id="303" xmltv_id="SRF 1">SRF 1</channel>
    <channel update="i" site="teleboy.ch" site_id="304" xmltv_id="SRF zwei">SRF zwei</channel>
    <channel update="i" site="teleboy.ch" site_id="350" xmltv_id="3+">3+</channel>
    <channel update="i" site="teleboy.ch" site_id="354" xmltv_id="ProSieben">ProSieben</channel>
    <channel update="i" site="teleboy.ch" site_id="356" xmltv_id="RTL">RTL</channel>
    <channel update="i" site="teleboy.ch" site_id="357" xmltv_id="RTL 2">RTL 2</channel>
    <channel update="i" site="teleboy.ch" site_id="360" xmltv_id="Sat.1">Sat.1</channel>
    <channel update="i" site="teleboy.ch" site_id="351" xmltv_id="4+">4+</channel>
    <channel update="i" site="teleboy.ch" site_id="348" xmltv_id="5+">5+</channel>
    <channel update="i" site="teleboy.ch" site_id="326" xmltv_id="TV24">TV24</channel>
    <channel update="i" site="teleboy.ch" site_id="364" xmltv_id="TV25">TV25</channel>
    <channel update="i" site="teleboy.ch" site_id="352" xmltv_id="VOX">VOX</channel>
    <channel update="i" site="teleboy.ch" site_id="362" xmltv_id="Puls 8">Puls 8</channel>
    <channel update="i" site="teleboy.ch" site_id="309" xmltv_id="Das Erste">Das Erste</channel>
    <channel update="i" site="teleboy.ch" site_id="306" xmltv_id="ZDF">ZDF</channel>
    <channel update="i" site="teleboy.ch" site_id="310" xmltv_id="Arte">Arte</channel>
    <channel update="i" site="teleboy.ch" site_id="311" xmltv_id="3sat">3sat</channel>
    <channel update="i" site="teleboy.ch" site_id="307" xmltv_id="ORF 1">ORF 1</channel>
    <channel update="i" site="teleboy.ch" site_id="347" xmltv_id="ORF 2 HD">ORF 2 HD</channel>
    <channel update="i" site="teleboy.ch" site_id="5" xmltv_id="SRF info">SRF info</channel>
    <channel update="i" site="teleboy.ch" site_id="72" xmltv_id="TeleZüri">TeleZüri</channel>
    <channel update="i" site="teleboy.ch" site_id="345" xmltv_id="SWR BW HD">SWR BW HD</channel>
    <channel update="i" site="teleboy.ch" site_id="338" xmltv_id="WDR HD">WDR HD</channel>
    <channel update="i" site="teleboy.ch" site_id="31" xmltv_id="MDR">MDR</channel>
    <channel update="i" site="teleboy.ch" site_id="337" xmltv_id="NDR HD">NDR HD</channel>
    <channel update="i" site="teleboy.ch" site_id="121" xmltv_id="ZDFneo">ZDFneo</channel>
    <channel update="i" site="teleboy.ch" site_id="328" xmltv_id="Phoenix HD">Phoenix HD</channel>
    <channel update="i" site="teleboy.ch" site_id="353" xmltv_id="Kabel1">Kabel1</channel>
    <channel update="i" site="teleboy.ch" site_id="317" xmltv_id="ProSieben Maxx">ProSieben Maxx</channel>
    <channel update="i" site="teleboy.ch" site_id="359" xmltv_id="Super RTL">Super RTL</channel>
    <channel update="i" site="teleboy.ch" site_id="361" xmltv_id="sixx">sixx</channel>
    <channel update="i" site="teleboy.ch" site_id="182" xmltv_id="Nickelodeon CH">Nickelodeon CH</channel>
    <channel update="i" site="teleboy.ch" site_id="145" xmltv_id="Disney Channel">Disney Channel</channel>
    <channel update="i" site="teleboy.ch" site_id="146" xmltv_id="ATV">ATV</channel>
    <channel update="i" site="teleboy.ch" site_id="36" xmltv_id="Sport1">Sport1</channel>
    <channel update="i" site="teleboy.ch" site_id="35" xmltv_id="Eurosport">Eurosport</channel>
    <channel update="i" site="teleboy.ch" site_id="102" xmltv_id="13th Street Universal">13th Street Universal</channel>
    <channel update="i" site="teleboy.ch" site_id="367" xmltv_id="6ter">6ter</channel>
    <channel update="i" site="teleboy.ch" site_id="78" xmltv_id="AB1">AB1</channel>
    <channel update="i" site="teleboy.ch" site_id="40" xmltv_id="ARD-alpha">ARD-alpha</channel>
    <channel update="i" site="teleboy.ch" site_id="287" xmltv_id="ATV2">ATV2</channel>
    <channel update="i" site="teleboy.ch" site_id="159" xmltv_id="AXN">AXN</channel>
    <channel update="i" site="teleboy.ch" site_id="148" xmltv_id="Al Jazeera">Al Jazeera</channel>
    <channel update="i" site="teleboy.ch" site_id="114" xmltv_id="Animal Planet">Animal Planet</channel>
    <channel update="i" site="teleboy.ch" site_id="214" xmltv_id="Animax">Animax</channel>
    <channel update="i" site="teleboy.ch" site_id="175" xmltv_id="Anixe HD">Anixe HD</channel>
    <channel update="i" site="teleboy.ch" site_id="330" xmltv_id="Arte HD">Arte HD</channel>
    <channel update="i" site="teleboy.ch" site_id="49" xmltv_id="BBC Entertainment">BBC Entertainment</channel>
    <channel update="i" site="teleboy.ch" site_id="186" xmltv_id="BBC Four / CBeebies">BBC Four / CBeebies</channel>
    <channel update="i" site="teleboy.ch" site_id="332" xmltv_id="BBC One HD">BBC One HD</channel>
    <channel update="i" site="teleboy.ch" site_id="333" xmltv_id="BBC Two HD">BBC Two HD</channel>
    <channel update="i" site="teleboy.ch" site_id="101" xmltv_id="BBC World News">BBC World News</channel>
    <channel update="i" site="teleboy.ch" site_id="368" xmltv_id="BFM TV">BFM TV</channel>
    <channel update="i" site="teleboy.ch" site_id="336" xmltv_id="BR HD">BR HD</channel>
    <channel update="i" site="teleboy.ch" site_id="215" xmltv_id="Beate-Uhse.tv">Beate-Uhse.tv</channel>
    <channel update="i" site="teleboy.ch" site_id="183" xmltv_id="Biography">Biography</channel>
    <channel update="i" site="teleboy.ch" site_id="150" xmltv_id="Bloomberg">Bloomberg</channel>
    <channel update="i" site="teleboy.ch" site_id="216" xmltv_id="Boomerang">Boomerang</channel>
    <channel update="i" site="teleboy.ch" site_id="321" xmltv_id="C8">C8</channel>
    <channel update="i" site="teleboy.ch" site_id="185" xmltv_id="CBBC">CBBC</channel>
    <channel update="i" site="teleboy.ch" site_id="370" xmltv_id="CCTV News">CCTV News</channel>
    <channel update="i" site="teleboy.ch" site_id="131" xmltv_id="CNBC Europe">CNBC Europe</channel>
    <channel update="i" site="teleboy.ch" site_id="50" xmltv_id="CNN">CNN</channel>
    <channel update="i" site="teleboy.ch" site_id="299" xmltv_id="Canal Alpha">Canal Alpha</channel>
    <channel update="i" site="teleboy.ch" site_id="335" xmltv_id="Canale 5 HD">Canale 5 HD</channel>
    <channel update="i" site="teleboy.ch" site_id="63" xmltv_id="Cartoon Network CH">Cartoon Network CH</channel>
    <channel update="i" site="teleboy.ch" site_id="262" xmltv_id="Channel 4">Channel 4</channel>
    <channel update="i" site="teleboy.ch" site_id="371" xmltv_id="Cherie 25">Cherie 25</channel>
    <channel update="i" site="teleboy.ch" site_id="281" xmltv_id="Cielo">Cielo</channel>
    <channel update="i" site="teleboy.ch" site_id="217" xmltv_id="Classica">Classica</channel>
    <channel update="i" site="teleboy.ch" site_id="154" xmltv_id="DMAX">DMAX</channel>
    <channel update="i" site="teleboy.ch" site_id="177" xmltv_id="Deluxe Music">Deluxe Music</channel>
    <channel update="i" site="teleboy.ch" site_id="89" xmltv_id="Discovery">Discovery</channel>
    <channel update="i" site="teleboy.ch" site_id="218" xmltv_id="Discovery HD">Discovery HD</channel>
    <channel update="i" site="teleboy.ch" site_id="219" xmltv_id="Disney Cinemagic">Disney Cinemagic</channel>
    <channel update="i" site="teleboy.ch" site_id="232" xmltv_id="Disney Junior">Disney Junior</channel>
    <channel update="i" site="teleboy.ch" site_id="249" xmltv_id="Disney XD">Disney XD</channel>
    <channel update="i" site="teleboy.ch" site_id="192" xmltv_id="E4">E4</channel>
    <channel update="i" site="teleboy.ch" site_id="48" xmltv_id="EinsFestival">EinsFestival</channel>
    <channel update="i" site="teleboy.ch" site_id="67" xmltv_id="EuroNews">EuroNews</channel>
    <channel update="i" site="teleboy.ch" site_id="195" xmltv_id="EuroNews">EuroNews</channel>
    <channel update="i" site="teleboy.ch" site_id="196" xmltv_id="EuroNews">EuroNews</channel>
    <channel update="i" site="teleboy.ch" site_id="194" xmltv_id="EuroNews">EuroNews</channel>
    <channel update="i" site="teleboy.ch" site_id="123" xmltv_id="Eurosport France">Eurosport France</channel>
    <channel update="i" site="teleboy.ch" site_id="132" xmltv_id="Eurosport International">Eurosport International</channel>
    <channel update="i" site="teleboy.ch" site_id="133" xmltv_id="Eurosport Italia">Eurosport Italia</channel>
    <channel update="i" site="teleboy.ch" site_id="135" xmltv_id="Eurosport2">Eurosport2</channel>
    <channel update="i" site="teleboy.ch" site_id="191" xmltv_id="FIVE">FIVE</channel>
    <channel update="i" site="teleboy.ch" site_id="244" xmltv_id="FOX">FOX</channel>
    <channel update="i" site="teleboy.ch" site_id="263" xmltv_id="Film 4">Film 4</channel>
    <channel update="i" site="teleboy.ch" site_id="342" xmltv_id="France 2 HD">France 2 HD</channel>
    <channel update="i" site="teleboy.ch" site_id="58" xmltv_id="France 3">France 3</channel>
    <channel update="i" site="teleboy.ch" site_id="288" xmltv_id="France 4">France 4</channel>
    <channel update="i" site="teleboy.ch" site_id="269" xmltv_id="France Ô">France Ô</channel>
    <channel update="i" site="teleboy.ch" site_id="149" xmltv_id="France24">France24</channel>
    <channel update="i" site="teleboy.ch" site_id="147" xmltv_id="France24">France24</channel>
    <channel update="i" site="teleboy.ch" site_id="222" xmltv_id="GoldStar TV">GoldStar TV</channel>
    <channel update="i" site="teleboy.ch" site_id="270" xmltv_id="Gulli">Gulli</channel>
    <channel update="i" site="teleboy.ch" site_id="372" xmltv_id="HD1">HD1</channel>
    <channel update="i" site="teleboy.ch" site_id="83" xmltv_id="HSE 24">HSE 24</channel>
    <channel update="i" site="teleboy.ch" site_id="223" xmltv_id="Heimatkanal">Heimatkanal</channel>
    <channel update="i" site="teleboy.ch" site_id="224" xmltv_id="History HD">History HD</channel>
    <channel update="i" site="teleboy.ch" site_id="255" xmltv_id="ITV 2">ITV 2</channel>
    <channel update="i" site="teleboy.ch" site_id="189" xmltv_id="ITV 3">ITV 3</channel>
    <channel update="i" site="teleboy.ch" site_id="190" xmltv_id="ITV 4">ITV 4</channel>
    <channel update="i" site="teleboy.ch" site_id="346" xmltv_id="ITV HD">ITV HD</channel>
    <channel update="i" site="teleboy.ch" site_id="344" xmltv_id="Italia 1 HD">Italia 1 HD</channel>
    <channel update="i" site="teleboy.ch" site_id="120" xmltv_id="Junior">Junior</channel>
    <channel update="i" site="teleboy.ch" site_id="143" xmltv_id="Kabel1">Kabel1</channel>
    <channel update="i" site="teleboy.ch" site_id="165" xmltv_id="Kabel1 Classics">Kabel1 Classics</channel>
    <channel update="i" site="teleboy.ch" site_id="313" xmltv_id="Kanal9">Kanal9</channel>
    <channel update="i" site="teleboy.ch" site_id="343" xmltv_id="KiKa HD">KiKa HD</channel>
    <channel update="i" site="teleboy.ch" site_id="156" xmltv_id="Kinowelt.TV">Kinowelt.TV</channel>
    <channel update="i" site="teleboy.ch" site_id="276" xmltv_id="LA7">LA7</channel>
    <channel update="i" site="teleboy.ch" site_id="80" xmltv_id="La Cinquième">La Cinquième</channel>
    <channel update="i" site="teleboy.ch" site_id="297" xmltv_id="La Télé">La Télé</channel>
    <channel update="i" site="teleboy.ch" site_id="373" xmltv_id="L´Equipe 21">L´Equipe 21</channel>
    <channel update="i" site="teleboy.ch" site_id="296" xmltv_id="Léman Bleu">Léman Bleu</channel>
    <channel update="i" site="teleboy.ch" site_id="312" xmltv_id="M6">M6</channel>
    <channel update="i" site="teleboy.ch" site_id="111" xmltv_id="MGM">MGM</channel>
    <channel update="i" site="teleboy.ch" site_id="37" xmltv_id="MTV">MTV</channel>
    <channel update="i" site="teleboy.ch" site_id="137" xmltv_id="MTV">MTV</channel>
    <channel update="i" site="teleboy.ch" site_id="277" xmltv_id="MTV Brand New">MTV Brand New</channel>
    <channel update="i" site="teleboy.ch" site_id="134" xmltv_id="MTV Europe">MTV Europe</channel>
    <channel update="i" site="teleboy.ch" site_id="327" xmltv_id="MTV HD">MTV HD</channel>
    <channel update="i" site="teleboy.ch" site_id="193" xmltv_id="More 4">More 4</channel>
    <channel update="i" site="teleboy.ch" site_id="225" xmltv_id="Motorvision TV">Motorvision TV</channel>
    <channel update="i" site="teleboy.ch" site_id="44" xmltv_id="N24">N24</channel>
    <channel update="i" site="teleboy.ch" site_id="374" xmltv_id="NRJ12">NRJ12</channel>
    <channel update="i" site="teleboy.ch" site_id="375" xmltv_id="NT1">NT1</channel>
    <channel update="i" site="teleboy.ch" site_id="228" xmltv_id="Nat Geo Wild">Nat Geo Wild</channel>
    <channel update="i" site="teleboy.ch" site_id="261" xmltv_id="National Geographic Channel">National Geographic Channel</channel>
    <channel update="i" site="teleboy.ch" site_id="286" xmltv_id="Nick Jr">Nick Jr</channel>
    <channel update="i" site="teleboy.ch" site_id="141" xmltv_id="Nickelodeon">Nickelodeon</channel>
    <channel update="i" site="teleboy.ch" site_id="285" xmltv_id="Nicktoons">Nicktoons</channel>
    <channel update="i" site="teleboy.ch" site_id="376" xmltv_id="Numéro 23">Numéro 23</channel>
    <channel update="i" site="teleboy.ch" site_id="170" xmltv_id="ORF 3">ORF 3</channel>
    <channel update="i" site="teleboy.ch" site_id="168" xmltv_id="ORF Sport Plus">ORF Sport Plus</channel>
    <channel update="i" site="teleboy.ch" site_id="105" xmltv_id="Paris Première">Paris Première</channel>
    <channel update="i" site="teleboy.ch" site_id="231" xmltv_id="Passion">Passion</channel>
    <channel update="i" site="teleboy.ch" site_id="162" xmltv_id="ProSieben">ProSieben</channel>
    <channel update="i" site="teleboy.ch" site_id="290" xmltv_id="ProSieben Fun">ProSieben Fun</channel>
    <channel update="i" site="teleboy.ch" site_id="52" xmltv_id="RAI 1">RAI 1</channel>
    <channel update="i" site="teleboy.ch" site_id="53" xmltv_id="RAI 2">RAI 2</channel>
    <channel update="i" site="teleboy.ch" site_id="54" xmltv_id="RAI 3">RAI 3</channel>
    <channel update="i" site="teleboy.ch" site_id="39" xmltv_id="RBB">RBB</channel>
    <channel update="i" site="teleboy.ch" site_id="380" xmltv_id="RMC Découverte">RMC Découverte</channel>
    <channel update="i" site="teleboy.ch" site_id="339" xmltv_id="RSI LA 1 HD">RSI LA 1 HD</channel>
    <channel update="i" site="teleboy.ch" site_id="340" xmltv_id="RSI LA 2 HD">RSI LA 2 HD</channel>
    <channel update="i" site="teleboy.ch" site_id="8" xmltv_id="RTL">RTL</channel>
    <channel update="i" site="teleboy.ch" site_id="282" xmltv_id="RTL 102.5">RTL 102.5</channel>
    <channel update="i" site="teleboy.ch" site_id="23" xmltv_id="RTL 2">RTL 2</channel>
    <channel update="i" site="teleboy.ch" site_id="116" xmltv_id="RTL 9">RTL 9</channel>
    <channel update="i" site="teleboy.ch" site_id="233" xmltv_id="RTL Crime">RTL Crime</channel>
    <channel update="i" site="teleboy.ch" site_id="234" xmltv_id="RTL Living">RTL Living</channel>
    <channel update="i" site="teleboy.ch" site_id="358" xmltv_id="RTL Nitro">RTL Nitro</channel>
    <channel update="i" site="teleboy.ch" site_id="152" xmltv_id="RTPi">RTPi</channel>
    <channel update="i" site="teleboy.ch" site_id="305" xmltv_id="RTS Deux">RTS Deux</channel>
    <channel update="i" site="teleboy.ch" site_id="331" xmltv_id="RTS Un HD">RTS Un HD</channel>
    <channel update="i" site="teleboy.ch" site_id="243" xmltv_id="Radio Bremen TV">Radio Bremen TV</channel>
    <channel update="i" site="teleboy.ch" site_id="283" xmltv_id="Rai News 24">Rai News 24</channel>
    <channel update="i" site="teleboy.ch" site_id="271" xmltv_id="Rai Sport 1">Rai Sport 1</channel>
    <channel update="i" site="teleboy.ch" site_id="366" xmltv_id="Rai Sport 2">Rai Sport 2</channel>
    <channel update="i" site="teleboy.ch" site_id="329" xmltv_id="Rete 4 HD">Rete 4 HD</channel>
    <channel update="i" site="teleboy.ch" site_id="379" xmltv_id="RiC">RiC</channel>
    <channel update="i" site="teleboy.ch" site_id="197" xmltv_id="Romance TV">Romance TV</channel>
    <channel update="i" site="teleboy.ch" site_id="365" xmltv_id="Rouge TV">Rouge TV</channel>
    <channel update="i" site="teleboy.ch" site_id="323" xmltv_id="S1">S1</channel>
    <channel update="i" site="teleboy.ch" site_id="65" xmltv_id="SR">SR</channel>
    <channel update="i" site="teleboy.ch" site_id="242" xmltv_id="SSF">SSF</channel>
    <channel update="i" site="teleboy.ch" site_id="341" xmltv_id="SWISS1">SWISS1</channel>
    <channel update="i" site="teleboy.ch" site_id="66" xmltv_id="SWR RP">SWR RP</channel>
    <channel update="i" site="teleboy.ch" site_id="142" xmltv_id="Sat.1">Sat.1</channel>
    <channel update="i" site="teleboy.ch" site_id="164" xmltv_id="Sat.1 Emotions">Sat.1 Emotions</channel>
    <channel update="i" site="teleboy.ch" site_id="301" xmltv_id="Sat.1 Gold">Sat.1 Gold</channel>
    <channel update="i" site="teleboy.ch" site_id="334" xmltv_id="ServusTV HD">ServusTV HD</channel>
    <channel update="i" site="teleboy.ch" site_id="178" xmltv_id="Silverline">Silverline</channel>
    <channel update="i" site="teleboy.ch" site_id="203" xmltv_id="Sky Action">Sky Action</channel>
    <channel update="i" site="teleboy.ch" site_id="200" xmltv_id="Sky Cinema">Sky Cinema</channel>
    <channel update="i" site="teleboy.ch" site_id="201" xmltv_id="Sky Cinema+1">Sky Cinema+1</channel>
    <channel update="i" site="teleboy.ch" site_id="202" xmltv_id="Sky Cinema+24">Sky Cinema+24</channel>
    <channel update="i" site="teleboy.ch" site_id="204" xmltv_id="Sky Comedy">Sky Comedy</channel>
    <channel update="i" site="teleboy.ch" site_id="205" xmltv_id="Sky Emotion">Sky Emotion</channel>
    <channel update="i" site="teleboy.ch" site_id="211" xmltv_id="Sky Fussball Bundesliga">Sky Fussball Bundesliga</channel>
    <channel update="i" site="teleboy.ch" site_id="92" xmltv_id="Sky Krimi">Sky Krimi</channel>
    <channel update="i" site="teleboy.ch" site_id="73" xmltv_id="Sky News">Sky News</channel>
    <channel update="i" site="teleboy.ch" site_id="206" xmltv_id="Sky Nostalgie">Sky Nostalgie</channel>
    <channel update="i" site="teleboy.ch" site_id="208" xmltv_id="Sky Sport 1">Sky Sport 1</channel>
    <channel update="i" site="teleboy.ch" site_id="209" xmltv_id="Sky Sport 2">Sky Sport 2</channel>
    <channel update="i" site="teleboy.ch" site_id="210" xmltv_id="Sky Sport Austria">Sky Sport Austria</channel>
    <channel update="i" site="teleboy.ch" site_id="213" xmltv_id="Sky Sport HD 1">Sky Sport HD 1</channel>
    <channel update="i" site="teleboy.ch" site_id="275" xmltv_id="Sky Sport HD 2">Sky Sport HD 2</channel>
    <channel update="i" site="teleboy.ch" site_id="245" xmltv_id="Spiegel Geschichte">Spiegel Geschichte</channel>
    <channel update="i" site="teleboy.ch" site_id="19" xmltv_id="Star TV">Star TV</channel>
    <channel update="i" site="teleboy.ch" site_id="33" xmltv_id="Super RTL">Super RTL</channel>
    <channel update="i" site="teleboy.ch" site_id="110" xmltv_id="SyFy">SyFy</channel>
    <channel update="i" site="teleboy.ch" site_id="308" xmltv_id="TF1">TF1</channel>
    <channel update="i" site="teleboy.ch" site_id="363" xmltv_id="TLC Germany">TLC Germany</channel>
    <channel update="i" site="teleboy.ch" site_id="383" xmltv_id="TMC">TMC</channel>
    <channel update="i" site="teleboy.ch" site_id="108" xmltv_id="TNT Film">TNT Film</channel>
    <channel update="i" site="teleboy.ch" site_id="236" xmltv_id="TNT Serie">TNT Serie</channel>
    <channel update="i" site="teleboy.ch" site_id="273" xmltv_id="TRT 1">TRT 1</channel>
    <channel update="i" site="teleboy.ch" site_id="61" xmltv_id="TV5">TV5</channel>
    <channel update="i" site="teleboy.ch" site_id="384" xmltv_id="TV8 Mont Blanc">TV8 Mont Blanc</channel>
    <channel update="i" site="teleboy.ch" site_id="153" xmltv_id="TVEi">TVEi</channel>
    <channel update="i" site="teleboy.ch" site_id="385" xmltv_id="TVM3">TVM3</channel>
    <channel update="i" site="teleboy.ch" site_id="85" xmltv_id="TVO - das Ostschweizer Fernsehen">TVO - das Ostschweizer Fernsehen</channel>
    <channel update="i" site="teleboy.ch" site_id="86" xmltv_id="Tele 5">Tele 5</channel>
    <channel update="i" site="teleboy.ch" site_id="314" xmltv_id="Tele Südostschweiz">Tele Südostschweiz</channel>
    <channel update="i" site="teleboy.ch" site_id="84" xmltv_id="Tele1">Tele1</channel>
    <channel update="i" site="teleboy.ch" site_id="298" xmltv_id="TeleBielingue">TeleBielingue</channel>
    <channel update="i" site="teleboy.ch" site_id="22" xmltv_id="TeleBärn">TeleBärn</channel>
    <channel update="i" site="teleboy.ch" site_id="20" xmltv_id="TeleM1">TeleM1</channel>
    <channel update="i" site="teleboy.ch" site_id="300" xmltv_id="TeleTicino">TeleTicino</channel>
    <channel update="i" site="teleboy.ch" site_id="274" xmltv_id="TeleTop">TeleTop</channel>
    <channel update="i" site="teleboy.ch" site_id="21" xmltv_id="Telebasel">Telebasel</channel>
    <channel update="i" site="teleboy.ch" site_id="88" xmltv_id="Teleclub Cinema">Teleclub Cinema</channel>
    <channel update="i" site="teleboy.ch" site_id="94" xmltv_id="Teleclub Sport 1">Teleclub Sport 1</channel>
    <channel update="i" site="teleboy.ch" site_id="95" xmltv_id="Teleclub Sport 2">Teleclub Sport 2</channel>
    <channel update="i" site="teleboy.ch" site_id="87" xmltv_id="Teleclub Sport 3">Teleclub Sport 3</channel>
    <channel update="i" site="teleboy.ch" site_id="96" xmltv_id="Teleclub Star">Teleclub Star</channel>
    <channel update="i" site="teleboy.ch" site_id="70" xmltv_id="VIVA / Comedy Central">VIVA / Comedy Central</channel>
    <channel update="i" site="teleboy.ch" site_id="25" xmltv_id="VOX">VOX</channel>
    <channel update="i" site="teleboy.ch" site_id="268" xmltv_id="W9">W9</channel>
    <channel update="i" site="teleboy.ch" site_id="172" xmltv_id="ZDF Info">ZDF Info</channel>
    <channel update="i" site="teleboy.ch" site_id="42" xmltv_id="hr">hr</channel>
    <channel update="i" site="teleboy.ch" site_id="38" xmltv_id="n-tv">n-tv</channel>
    <channel update="i" site="teleboy.ch" site_id="115" xmltv_id="tagesschau24">tagesschau24</channel>
  </channels>
</site>
